Member State,Total population (2002),Annual Growth Rate (%) 1992-2002,Dependency ratio 1992,Dependency ratio 2002,Percentage of population aged 60+ (1992),Percentage of population aged 60+ (2002),Total Fertility Rate 1992,Total Fertility Rate 2002,LIFE EXPECTANCY AT BIRTH BOTH SEXES 2002 (YEARS),LIFE EXPECTANCY AT BIRTH MALES 2002 (years) ,LIFE EXPECTANCY AT BIRTH MALES 2002 (years) Lower Bound Uncertainty Interval,LIFE EXPECTANCY AT BIRTH MALES 2002 (years) Upper Bound Uncertainty Interval,LIFE EXPECTANCY AT BIRTH FEMALES 2002 (years) ,LIFE EXPECTANCY AT BIRTH FEMALES 2002 (years) Lower Bound Uncertainty Interval,LIFE EXPECTANCY AT BIRTH FEMALES 2002 (years) Upper Bound Uncertainty Interval,PROBABILITY OF DYING UNDER AGE OF 5 MALES 2002 (per 1000) ,PROBABILITY OF DYING UNDER AGE OF 5 MALES 2002 Upper Bound Uncertainty Interval (per 1000) ,PROBABILITY OF DYING UNDER AGE OF 5 MALES 2002 Lower Bound Uncertainty Interval (per 1000) ,PROBABILITY OF DYING UNDER AGE OF 5 FEMALES 2002 (per 1000) ,PROBABILITY OF DYING UNDER AGE OF 5 FEMALES 2002 Upper Bound Uncertainty Interval (per 1000) ,PROBABILITY OF DYING UNDER AGE OF 5 FEMALES 2002 Lower Bound Uncertainty Interval (per 1000) ,PROBABILITY OF DYING AGE 15-59 MALES 2002 (per 1000) ,PROBABILITY OF DYING AGE 15-59 MALES 2002 Upper Bound Uncertainty Interval (per 1000) ,PROBABILITY OF DYING AGE 15-59 MALES 2002 Lower Bound Uncertainty Interval (per 1000) ,PROBABILITY OF DYING AGE 15-59 FEMALES 2002 (per 1000) ,PROBABILITY OF DYING AGE 15-59 FEMALES 2002 Upper Bound Uncertainty Interval (per 1000) ,PROBABILITY OF DYING AGE 15-59 FEMALES 2002 Lower Bound Uncertainty Interval (per 1000) 
Afghanistan,22930.033,3.8,88,86,4.7,4.7,7,6.8,42.6,41.9,32,49.5,43.4,31.3,53.2,258,208,310,256,205,306,494,335,731,413,192,705
Albania,3141.01,-0.4,60,53,7.9,9.5,2.9,2.3,70.4,67.3,65.9,68.7,74.1,73,75,27,13,41,23,11,34,167,137,199,94,79,111
Algeria,31265.964,1.8,82,60,5.7,6.1,4.2,2.8,69.4,67.5,66.2,69.1,71.2,69.8,72.5,54,43,64,43,35,52,170,152,187,128,112,146
Andorra,69.166,1.8,48,46,20,21.6,1.4,1.3,80.3,76.8,76,77.8,83.7,83,84.3,5,5,6,4,4,5,113,101,125,43,39,48
Angola,13184.021,2.9,97,101,4.6,4.4,7.2,7.2,39.9,37.9,29.5,44.1,42,32.8,50.6,279,248,312,247,219,275,594,425,824,481,255,726
Antigua and Barbuda,72.675,1.2,63,56,9.2,10.5,1.8,1.6,71.4,69,67.5,70.5,73.9,72.3,75.4,22,11,33,18,9,28,195,173,216,125,111,141
Argentina,37980.626,1.3,64,59,13,13.5,2.8,2.5,74.4,70.8,70.4,71.2,78.1,77.9,78.3,20,18,21,16,15,17,177,170,184,90,88,93
Armenia,3071.935,-1.3,57,44,10.5,13.1,2.2,1.2,70,67,66.2,67.9,73,72.1,73.8,39,22,56,35,19,46,204,184,225,98,85,115
Australia,19543.961,1.2,50,48,15.6,16.7,1.9,1.7,80.4,77.9,77.6,78.1,83,82.7,83.2,6,6,7,5,5,6,91,89,94,52,50,54
Austria,8111.006,0.3,48,47,19.9,21.3,1.5,1.3,79.4,76.4,76.1,76.7,82.2,81.8,82.4,6,5,7,4,4,5,117,113,121,59,56,63
Azerbaijan,8296.699,1.1,63,57,7.6,9.2,2.8,2.1,65.8,63,61.7,64.2,68.6,67.5,69.8,80,64,98,70,56,83,231,199,261,122,103,144
Bahamas,310.304,1.5,58,53,6.8,8.5,2.6,2.3,72.1,69,67.9,70,75.2,74.3,76.2,13,10,17,11,8,15,248,225,275,153,142,163
Bahrain,709.036,3,51,47,3.7,4,3.5,2.7,73.2,72.1,70.7,73.6,74.5,73.2,75.8,13,8,22,10,6,15,113,96,130,82,68,98
Bangladesh,143808.544,2.3,81,71,4.8,5.1,4.4,3.5,62.6,62.6,61.3,63.9,62.6,61.4,63.7,71,68,75,73,70,77,251,223,282,258,232,284
Barbados,269.418,0.4,55,43,15,13.1,1.6,1.5,74.3,70.5,69.6,71.4,77.9,76.8,79,17,13,22,15,9,23,189,171,206,103,91,115
Belarus,9939.791,-0.4,52,46,17.4,19.3,1.7,1.2,68.3,62.6,62,63.2,74.3,73.7,74.9,14,11,16,10,8,13,371,347,397,134,120,148
Belgium,10295.787,0.3,50,53,20.9,22.2,1.6,1.7,78.4,75.2,74.9,75.5,81.5,81.3,81.8,6,5,7,5,4,6,126,122,130,67,64,69
Belize,250.698,2.5,91,73,6,5.9,4.4,3.2,69.7,67.4,66,68.7,72.4,71.4,73.4,44,33,56,34,25,42,189,172,211,123,117,129
Benin,6558.404,2.8,105,93,4.6,4.1,6.5,5.7,51.2,50.1,42.9,56.5,52.4,43,60.1,166,163,170,158,155,161,424,253,634,360,176,611
Bhutan,2190.167,2.3,88,86,6.1,6.5,5.8,5.1,61.3,60.2,52.3,67.6,62.4,53.5,69,93,74,111,92,73,111,272,111,474,226,102,428
Bolivia,8645.08,2.2,81,77,6.1,6.6,4.8,3.9,63.2,61.8,54.6,69.3,64.7,56.2,70.9,78,74,82,73,70,77,260,101,445,209,91,402
Bosnia and Herzegovina,4126.141,0.4,43,40,11.1,15.3,1.6,1.3,72.8,69.3,67.9,71,76.4,75.2,77.6,20,15,25,15,11,19,192,162,220,90,76,105
Botswana,1769.808,2.1,89,74,3.7,4.4,4.5,3.7,40.4,40.2,37.3,43.3,40.6,37.7,44.1,104,89,121,102,86,118,786,718,842,745,676,801
Brazil,176257.327,1.4,63,51,6.8,8.1,2.6,2.2,68.9,65.7,65.2,66.2,72.3,71.8,72.7,42,36,49,34,29,40,246,235,257,136,128,145
Brunei Darussalam,349.981,2.6,57,51,4.1,4.5,3.1,2.5,76.1,74.8,73.5,76.3,77.4,76.6,78.2,14,12,16,12,11,14,112,94,128,85,73,98
Bulgaria,7964.914,-0.8,50,45,19.9,21.7,1.5,1.1,71.9,68.7,68.1,69.3,75.3,74.7,75.9,18,16,21,16,13,18,219,205,234,97,88,106
Burkina Faso,12624.328,2.9,108,106,4.5,4,7.1,6.7,41.7,40.6,34.3,46.6,42.6,34.7,49.8,232,211,251,217,197,235,597,417,793,522,334,736
Burundi,6601.669,1.3,97,99,4.6,4.4,6.8,6.8,40.8,38.7,33,44.5,43,36,50.2,189,152,224,177,142,216,692,541,834,563,393,750
Cambodia,13809.532,2.8,98,81,4.4,4.6,5.5,4.8,54.6,51.9,44.8,57.4,57.1,49.1,63.4,149,138,159,124,115,132,400,261,604,298,165,487
Cameroon,15729.186,2.4,94,86,5.5,5.6,5.7,4.7,48.1,47.2,41.1,53.9,49,41.4,56.7,162,151,174,158,147,169,519,344,697,454,273,658
Canada,31271.069,1,47,45,15.8,17.1,1.7,1.5,79.8,77.2,77,77.4,82.3,82.1,82.4,6,6,6,5,5,5,95,93,97,58,57,60
Cape Verde,453.982,2.2,103,80,6.6,6.3,4.8,3.4,70.1,66.6,62.4,71,72.9,69.6,75.8,42,33,50,30,24,36,210,125,312,120,76,178
Central African Republic,3819.054,2.1,89,89,6.1,6.1,5.6,5,42.9,42.1,36.2,48.4,43.7,36.7,50.2,187,156,219,173,142,201,620,474,780,566,418,740
Chad,8347.705,3.1,96,99,5.2,4.9,6.7,6.7,47.7,46.1,38.3,53.1,49.3,40.9,57.6,202,168,235,180,149,210,477,305,684,402,203,618
Chile,15613.266,1.4,57,54,9.2,10.7,2.5,2.4,76.7,73.4,72.7,74,80,79.7,80.3,16,14,18,13,12,14,134,124,144,67,64,70
China,1302307.069,0.9,49,44,8.6,10,2,1.8,71.1,69.6,69,70.3,72.7,72,73.5,31,29,33,41,38,44,165,154,175,104,93,112
Colombia,43526.43,1.8,66,59,6.4,7.1,3,2.6,71.8,67.5,66.8,68.2,76.3,75.4,77.1,27,24,29,19,17,21,236,220,251,99,87,113
Comoros,746.727,3,95,82,4,4.2,5.9,4.9,63.3,61.6,53.7,68.9,64.9,56.4,71.3,80,64,96,72,57,86,260,100,464,207,91,405
Congo,3632.983,3.2,96,99,4.8,4.6,6.3,6.3,53.1,51.6,44.6,58.9,54.5,46.7,61.6,109,82,135,101,75,125,474,309,651,410,263,611
Cook Islands,18.306,-0.2,71,65,6.2,7.2,4,3.2,71.6,69.2,68.2,70.3,74.2,73.4,75,21,10,31,19,10,27,173,150,193,109,98,123
Costa Rica,4094.451,2.4,68,56,7.1,7.9,3,2.3,77.1,74.8,74.5,75,79.5,79.3,79.8,12,11,13,10,9,11,127,122,131,74,70,78
Côte d'Ivoire,16365.03,2.1,94,82,4.4,5.2,6.1,4.8,45.3,43.1,36.4,50.1,48,40.8,54.7,192,154,232,143,114,169,577,400,757,502,353,694
Croatia,4438.539,-0.6,46,49,18.3,21.7,1.6,1.6,74.8,71,70.6,71.4,78.6,78.1,79,8,7,10,7,7,8,178,169,187,72,67,77
Cuba,11270.688,0.4,45,44,11.9,14.5,1.6,1.6,77.1,75,74.6,75.4,79.3,79.1,79.5,8,7,10,7,6,7,138,132,145,89,86,91
Cyprus,795.798,1.2,58,51,14.8,16.1,2.3,1.9,77.3,75.5,74.8,76.2,79.1,77.2,80.9,7,6,9,7,6,9,102,93,111,48,38,63
Czech Republic,10245.692,-0.1,50,42,17.8,18.8,1.7,1.2,75.8,72.4,72.1,72.8,79,78.7,79.3,5,4,6,4,4,5,163,157,170,72,69,76
Democratic People's Republic of Korea,22541.252,0.9,47,48,8,10.6,2.3,2,65.8,64.4,56.5,72.3,67.1,57.9,75.2,56,29,83,54,30,80,236,83,416,191,70,386
Democratic Republic of the Congo,51201.036,2.4,100,98,4.4,4.2,6.7,6.7,43.5,41,34.7,47.1,46.1,38,52.8,221,190,252,198,169,225,585,432,749,449,298,655
Denmark,5351.414,0.3,48,50,20.2,20.4,1.7,1.8,77.2,74.8,74.6,75,79.5,79.4,79.7,6,5,7,5,4,6,123,120,127,76,73,78
Djibouti,692.668,2.3,85,86,4.6,5.1,6.3,5.7,49.6,48.6,42.4,56.1,50.7,43,58.2,156,132,179,144,121,166,481,290,657,431,259,639
Dominica,78.418,0.7,63,56,9.2,10.5,2,1.8,73.3,71,69.7,72.2,75.8,74.2,77.2,13,11,15,14,10,18,206,182,235,120,94,155
Dominican Republic,8615.912,1.7,70,59,5.6,6.9,3.2,2.7,68,64.9,63.9,65.9,71.5,70.5,72.4,37,32,41,30,26,35,256,231,279,150,132,171
Ecuador,12810.118,1.8,73,62,6.3,7.3,3.6,2.8,70.6,67.9,67.3,68.5,73.5,72.9,74.2,34,28,39,30,25,34,216,204,229,132,120,143
Egypt,70507.406,1.9,80,66,6.3,6.9,4.1,3.3,67.1,65.3,65,65.6,69,68.7,69.3,38,34,42,39,35,43,240,231,248,157,151,164
El Salvador,6415.012,1.9,78,68,6.6,7.5,3.6,2.9,69.7,66.5,65.4,67.8,72.8,72.1,73.5,36,31,42,34,28,39,257,227,289,142,129,155
Equatorial Guinea,481.159,2.6,87,91,6.4,5.9,5.9,5.9,53.4,51.9,44.4,58.8,54.8,46,61.7,157,132,181,144,125,166,383,217,596,318,152,548
Eritrea,3990.852,2.4,93,91,3.6,3.6,6.2,5.5,57.6,55.8,47.2,65.8,59.3,51,66.8,117,107,127,102,93,111,350,176,496,286,137,484
Estonia,1337.991,-1.4,51,48,17.8,21.5,1.7,1.2,71.1,65.1,64.8,65.5,77.1,76.8,77.4,10,7,12,6,4,7,322,313,331,112,105,118
Ethiopia,68961.045,2.8,94,94,4.4,4.6,6.8,6.2,48,46.8,39.3,54,49.4,41.3,57.2,185,148,220,168,138,196,487,316,693,422,244,628
Fiji,830.639,1.2,67,57,5,6,3.4,2.9,67.3,64.6,63.7,65.7,70.3,69.3,71.4,30,27,33,27,24,29,281,260,301,176,159,193
Finland,5197.451,0.3,49,49,18.7,20.3,1.8,1.7,78.2,74.8,74.5,75,81.5,81.2,81.8,4,4,5,3,3,3,135,131,140,60,56,64
France,59849.658,0.4,52,53,19.5,20.5,1.7,1.9,79.7,75.9,75.5,76.2,83.5,83.2,83.7,5,5,6,4,4,5,133,128,138,60,58,62
Gabon,1306.11,2.6,92,83,7.4,6.2,5.2,4,59.2,57.3,49.9,64.6,61.4,52.9,68.9,100,91,108,79,72,86,342,171,557,281,133,499
Gambia,1388.454,3.3,84,80,5.1,5.8,5.7,4.8,57.1,55.4,47.5,62.3,58.9,50.2,66.7,132,112,152,117,99,135,330,159,552,265,110,467
Georgia,5177.138,-0.5,52,49,15.6,18.9,1.9,1.4,71.7,68.4,67.2,69.6,75,73.1,76.7,26,23,28,20,18,22,207,181,237,86,67,109
Germany,82414.408,0.2,46,48,20.5,24,1.3,1.3,78.7,75.6,75.2,75.9,81.6,81.4,81.7,5,5,6,4,4,4,118,114,123,60,59,62
Ghana,20471.209,2.4,92,77,4.6,5.2,5.4,4.2,57.6,56.3,49,64.4,58.8,50.1,66,106,92,123,99,87,112,354,171,557,303,153,529
Greece,10969.505,0.7,48,49,20.7,23.8,1.4,1.3,78.4,75.8,75.6,76,81.1,80.7,81.5,7,6,7,5,4,6,118,115,120,48,45,51
Grenada,80.488,-0.5,63,56,9.2,10.5,4,3.5,67.4,65.9,64.8,67.1,68.8,67.8,70,25,18,30,21,15,27,261,238,283,222,204,239
Guatemala,12035.736,2.7,96,87,5.2,5.3,5.4,4.5,65.9,63.1,61.9,64.3,69,67.7,70.1,57,52,63,50,45,55,283,247,324,162,131,199
Guinea,8359.03,2.4,93,88,4.4,4.5,6.4,5.9,52.3,50.9,44,57.5,53.7,45,61,163,148,179,153,138,168,401,232,596,332,159,559
Guinea-Bissau,1448.879,3,95,101,5.4,4.9,7.1,7.1,47.2,45.7,37.9,51.6,48.7,39.8,56.8,215,194,237,198,179,217,462,311,681,383,186,615
Guyana,763.719,0.4,67,54,6.8,7,2.6,2.3,64.3,61.5,58.9,64.5,66.9,63.8,70,61,30,90,50,26,76,299,268,328,202,170,233
Haiti,8217.704,1.4,91,76,5.7,5.9,4.9,4,50.1,49.1,42.8,55.5,51.1,43.6,57.3,138,119,157,128,111,145,493,345,660,438,309,615
Honduras,6780.685,2.8,91,80,4.6,5.4,5,3.8,67.2,64.2,60.3,67.8,70.4,67.2,73.2,44,42,46,42,40,44,269,195,362,150,102,214
Hungary,9922.785,-0.4,49,45,19.2,20,1.7,1.2,72.6,68.4,67.9,68.9,76.8,76.3,77.2,10,9,11,8,7,9,256,241,272,112,104,119
Iceland,287.333,1,55,53,14.8,15.3,2.2,2,80.1,78.4,77.8,79,81.8,81.4,82.2,4,4,5,3,3,3,85,79,92,55,51,60
India,1049549.474,1.8,68,62,6.9,7.7,3.8,3.1,61,60.1,59.4,60.8,62,61.1,62.8,87,81,92,95,86,106,291,268,314,220,197,243
Indonesia,217131.218,1.4,64,54,6.4,7.9,3.1,2.4,66.4,64.9,64.1,65.8,67.9,67.1,68.8,45,40,50,36,33,40,244,226,261,208,194,224
"Iran, Islamic Republic of ",68070.412,1.4,93,59,5.9,6.4,4.5,2.4,68.9,66.5,65.4,67.8,71.7,70.5,72.8,42,33,50,36,29,43,213,194,230,132,121,145
Iraq,24510.137,2.9,88,79,4.4,4.6,5.7,4.8,61,59.1,57.1,60.9,63.1,61.3,64.9,119,101,139,110,94,127,252,228,278,176,155,197
Ireland,3910.84,1,60,47,15.3,15.3,2,1.9,77.1,74.4,73.8,75,79.8,79.3,80.1,8,7,9,6,5,7,113,105,121,66,62,71
Israel,6304.151,2.7,66,61,12.6,13.1,2.9,2.7,79.4,77.3,77.1,77.5,81.4,81.2,81.5,7,6,8,6,6,7,98,95,101,53,50,56
Italy,57482.385,0.1,45,49,21.7,24.5,1.3,1.2,79.7,76.8,76.4,77.1,82.5,82.2,82.8,5,5,6,5,4,5,96,92,100,49,46,51
Jamaica,2626.686,0.9,73,61,9.9,9.6,2.8,2.4,72.8,71.1,69.9,72.5,74.6,73.6,75.6,16,13,19,14,11,17,162,137,184,121,107,134
Japan,127477.581,0.2,43,48,18.6,24.4,1.5,1.3,81.9,78.4,78.4,78.4,85.3,85.2,85.3,4,4,4,4,4,4,95,95,96,46,45,46
Jordan,5328.808,3.9,91,69,4.4,4.8,5,3.6,70.8,68.6,67.7,69.8,73.3,72.6,74,28,23,32,26,22,30,191,171,210,121,113,130
Kazakhstan,15468.738,-0.9,59,51,9.4,11.5,2.5,2,63.6,58.7,58,59.4,68.9,68.1,69.7,38,29,48,28,21,36,426,385,462,195,177,213
Kenya,31540.42,2.3,104,82,4.1,4.2,5.5,4.1,50.9,49.8,43.8,57.4,51.9,44.8,59.3,119,108,129,113,104,122,509,328,684,448,285,642
Kiribati,86.508,1.5,70,68,6.2,7,4.7,4.1,64.1,61.8,60.8,62.8,66.7,65.6,67.6,80,74,88,69,60,79,293,260,327,190,167,215
Kuwait,2443.419,2.1,56,38,2.1,2.7,3.3,2.7,76.2,75.8,74.7,77.1,76.9,74.8,79,14,10,19,11,8,15,81,72,91,63,48,80
Kyrgyzstan,5067.096,1.3,75,64,8.4,8.7,3.5,2.7,64.5,60.4,59.5,61.4,68.9,68.1,69.8,63,50,76,55,44,66,345,314,371,163,146,180
Lao People's Democratic Republic,5529.203,2.4,91,84,5.9,5.5,5.9,4.8,55.1,54.1,51.4,56.7,56.2,53.5,58.8,146,120,174,131,106,158,338,303,373,306,278,333
Latvia,2329.099,-1.3,51,48,18.4,21.8,1.7,1.1,70.3,64.6,64.3,64.9,75.8,75.6,76.1,15,12,17,12,10,14,327,320,334,118,113,122
Lebanon,3595.648,2.3,65,56,8.3,8.6,2.9,2.2,69.8,67.6,66.4,68.8,72,71.1,73.1,35,31,39,29,26,32,201,177,225,139,123,154
Lesotho,1799.981,1.1,94,81,6.7,6.9,4.8,3.9,35.7,32.9,29.3,38.5,38.2,33,44.9,166,133,201,160,128,191,902,791,965,742,599,853
Liberia,3239.444,4.6,97,96,3.9,3.7,6.9,6.8,41.8,40.1,32.2,47,43.7,34.8,51.7,242,197,293,222,178,262,582,435,773,471,283,690
Libyan Arab Jamahiriya,5444.726,2,81,54,4.5,6,4.3,3.1,72.6,70.4,66.3,73.8,75.5,73,77.8,19,16,21,17,15,20,173,110,263,99,65,142
Lithuania,3465.033,-0.6,51,51,16.9,19.7,1.8,1.3,71.9,66.2,65.2,67,77.6,77,78.2,11,9,13,9,7,11,303,272,341,103,94,112
Luxembourg,447.216,1.5,44,49,18.1,18.3,1.6,1.7,78.8,75.7,75.3,76.2,81.7,81.1,82.3,5,4,7,5,4,6,119,113,125,64,58,70
Madagascar,16916.403,2.9,92,91,4.8,4.7,6.2,5.7,56.3,54.4,46.8,61,58.4,49.5,65,145,126,164,125,110,141,333,177,543,262,123,474
Malawi,11871.132,1.9,94,99,4.8,5.2,6.8,6.1,40.2,39.8,35,45.2,40.6,35,47.1,197,183,210,190,178,203,657,509,803,610,449,769
Malaysia,23965.311,2.4,67,60,5.8,6.7,3.7,2.9,72,69.6,69.1,70.1,74.7,74.4,75.1,10,8,11,8,7,10,192,181,202,106,100,111
Maldives,308.913,3,99,86,5.4,5.2,6.2,5.4,66.1,66.5,65.7,67.4,65.6,64.9,66.5,38,33,42,43,38,49,205,179,231,202,174,229
Mali,12622.744,2.8,103,107,3.9,3.8,7,7,44.8,43.9,35.8,49.7,45.7,36.8,54,233,211,256,224,200,244,487,328,718,417,210,662
Malta,392.649,0.7,51,47,15.1,17.5,2,1.8,78.1,75.9,75.2,76.5,80.3,79.3,81.2,7,6,9,6,4,8,87,82,94,51,44,59
Marshall Islands,52.342,1.3,70,68,6.2,7,6.3,5.5,62.7,61.1,59.5,62.9,64.6,63.2,66.2,46,34,57,36,27,45,340,310,368,286,264,307
Mauritania,2807.138,2.8,89,87,5.3,5.3,6.1,5.8,52.1,49.8,41.7,56.1,54.5,44.7,61.3,186,158,214,155,132,178,393,245,603,304,156,536
Mauritius,1209.576,1.1,52,46,8.4,9,2.3,2,71.9,68.4,67.6,69.2,75.5,75,76,20,16,25,14,11,19,222,202,243,116,109,123
Mexico,101965.013,1.7,71,61,6,7.2,3.2,2.5,74.4,71.7,71,72.3,77,76.5,77.4,30,26,34,24,21,27,170,160,183,97,92,103
"Micronesia, Federated States of",108.295,0.7,92,74,5.5,5.1,4.8,3.8,66.5,64.9,63,67.1,68.1,66.1,70.2,63,44,81,51,35,67,211,184,236,176,151,202
Monaco,34.09,1.1,52,53,19.5,20.5,1.7,1.8,81.2,77.8,77.6,77.9,84.5,84,85,5,4,5,3,3,4,109,108,111,47,44,50
Mongolia,2559.431,1.1,81,59,5.9,5.6,3.5,2.4,62.9,60.1,59.8,60.5,65.9,65.5,66.3,75,73,78,66,64,68,319,310,327,219,210,227
Morocco,30071.708,1.7,73,57,6,6.6,3.6,2.8,70.8,68.8,67.4,70.3,72.8,71.6,74.1,43,36,49,41,35,47,160,138,185,104,88,120
Mozambique,18537.207,2.6,96,89,5.2,5.1,6.2,5.7,42.6,41.2,35.3,47.5,43.9,36.8,51.3,212,185,240,201,176,226,613,479,741,519,375,665
Myanmar,48852.484,1.5,69,59,6.8,6.9,3.8,2.9,58.9,56.2,48.4,64,61.8,52.6,69.6,118,88,151,94,66,122,335,175,539,236,107,444
Namibia,1961.164,2.7,87,88,5.4,5.6,5.6,4.6,49.3,48.1,43.3,54.3,50.5,44,56.8,97,86,107,93,83,103,605,479,733,529,404,691
Nauru,12.768,2.5,70,68,6.2,7,4.5,3.9,62.7,59.7,55.6,64,66.5,63.1,70.3,18,14,21,12,10,15,448,326,564,303,211,389
Nepal,24608.866,2.3,81,78,5.6,5.8,5,4.3,60.1,59.9,58.9,61,60.2,59.2,61.1,81,77,85,87,83,91,301,277,325,290,271,310
Netherlands,16066.883,0.6,45,48,17.5,18.5,1.6,1.7,78.6,76,75.7,76.3,81.1,80.8,81.3,6,6,7,5,5,6,94,91,97,65,63,68
New Zealand,3845.679,1.1,53,53,15.3,15.9,2.1,2,78.9,76.6,76.2,77.1,81.2,80.8,81.6,7,6,8,6,4,7,98,94,104,63,59,67
Nicaragua,5335.045,2.8,95,82,4.4,4.7,4.8,3.8,70.1,67.9,67.2,68.6,72.4,71.6,73.2,38,31,45,32,27,38,213,199,226,143,126,163
Niger,11544.151,3.5,108,108,3.6,3.3,8,8,42.6,42.6,31.9,50.6,42.7,30.9,51.6,249,199,299,256,206,307,497,327,755,443,232,744
Nigeria,120911.196,2.8,96,91,4.7,4.8,6.4,5.5,48.8,48,41.2,54.6,49.6,40.7,57.1,183,162,205,181,159,202,453,287,632,392,217,612
Niue,1.969,-1.2,71,65,6.2,7.2,3.6,2.9,70.3,67.6,63.9,70.8,73.3,70.4,76.1,38,14,91,24,12,48,191,124,261,132,89,182
Norway,4513.682,0.5,55,54,20.6,19.6,1.9,1.8,79.1,76.4,75.8,76.9,81.7,81.4,81.9,5,4,6,4,4,4,100,93,106,60,57,63
Oman,2768.286,3.3,82,65,3,3.5,6.5,5,73.1,71,67.1,74.5,76.3,73.8,78.7,15,13,18,14,12,16,165,105,249,93,60,136
Pakistan,149910.783,2.5,86,82,5.5,5.7,5.9,5.1,61.4,61.1,59.3,62.9,61.6,59.7,63.7,105,89,120,115,98,134,227,201,254,201,176,225
Palau,20.068,2.3,70,68,6.2,7,2.8,2.4,68.5,66.4,65.9,66.9,70.9,70,71.9,24,17,30,22,16,27,236,224,246,202,184,223
Panama,3063.523,2,65,59,7.3,8.3,2.9,2.7,75.4,72.8,72,73.8,78.2,77.4,78.9,25,23,28,21,19,23,146,132,159,84,76,94
Papua New Guinea,5586.157,2.6,79,77,4.2,4,5.1,4.1,59.8,58.4,56.5,60.4,61.5,59.7,63.4,98,78,117,92,73,108,311,284,337,249,227,272
Paraguay,5740.092,2.5,84,74,5.3,5.5,4.6,3.9,71.7,68.7,67.9,69.7,74.7,74,75.4,37,31,42,26,22,31,171,155,189,120,109,132
Peru,26766.69,1.7,71,63,6.2,7.4,3.7,2.9,69.7,67.5,66.4,68.5,72,71.1,72.9,38,33,44,34,29,39,205,182,229,144,127,163
Philippines,78580.225,2.1,77,67,5,5.7,4.2,3.2,68.3,65.1,64.3,65.8,71.7,70.9,72.5,39,33,45,33,28,38,258,238,279,133,118,151
Poland,38622.082,0.1,54,44,15.2,16.6,1.9,1.3,74.7,70.6,70.2,71,78.7,78.4,79,9,8,10,8,7,9,204,194,215,82,78,86
Portugal,10048.594,0.2,49,48,19.5,21.1,1.5,1.5,77.1,73.6,73.1,74,80.5,80.3,80.8,7,6,7,5,5,6,154,147,163,65,62,68
Qatar,601.01,2,39,39,2.1,3.1,4.2,3.3,74.3,74.8,73.9,75.8,73.8,71.8,75.5,14,11,18,12,10,14,93,84,101,77,61,98
Republic of Korea,47430.218,0.8,43,39,8.2,11.8,1.7,1.4,75.5,71.8,71.3,72.3,79.4,79.2,79.6,8,7,9,7,7,8,166,156,176,61,59,63
Republic of Moldova,4270.386,-0.2,57,45,12.9,13.8,2.2,1.4,67.8,64,63.3,64.8,71.6,71.1,72.2,31,23,39,23,17,29,294,274,316,144,132,156
Romania,22387.39,-0.3,50,45,16.3,18.9,1.6,1.3,71.4,68,67.2,68.9,75,74.2,75.7,22,21,24,19,17,20,235,212,259,108,96,121
Russian Federation,144081.588,-0.3,50,42,16.3,18.3,1.6,1.2,64.8,58.4,58.2,61.5,72.1,71.4,72.6,21,20,22,16,15,17,464,413,510,168,150,187
Rwanda,8272.456,3.2,98,91,3.8,4,6.7,5.8,44.4,41.9,36.5,48.1,46.8,39.7,53.9,186,170,203,170,157,184,605,431,774,474,283,695
Saint Kitts and Nevis,41.841,0,63,56,9.2,10.5,2.7,2.4,70.4,68.7,67.8,69.5,72.2,71,73.3,20,17,23,24,18,30,206,188,225,148,123,175
Saint Lucia,148.011,0.9,75,57,8.6,7.8,3.2,2.3,72.2,69.8,68.7,70.9,74.4,73,75.7,14,11,17,15,12,20,211,185,238,145,114,177
Saint Vincent and the Grenadines,119.144,0.6,79,61,8.7,9.2,2.9,2.2,69.8,67.8,66.5,69.1,71.9,70.6,73.2,25,21,30,20,13,30,238,207,272,184,160,207
Samoa,176.296,0.8,81,81,6.3,6.5,4.7,4.2,68.2,66.8,66,67.7,69.7,68.6,70.8,27,22,31,21,16,26,235,219,251,203,186,221
San Marino,27.336,1.4,45,49,21.7,24.5,1.3,1.2,80.6,77.2,75.8,78.6,84,82.5,85.7,5,4,9,3,3,3,85,72,99,31,25,37
Sao Tome and Principe,156.664,2.6,104,83,6.6,6.4,5,4,62.7,61.7,54.2,68.8,63.6,54.5,70.6,80,62,98,82,60,104,259,108,454,217,95,414
Saudi Arabia,23519.774,3,80,72,3.4,4.3,5.8,4.6,70.8,68.4,64,72.3,73.9,70.9,76.5,30,23,37,25,19,31,192,120,298,112,74,163
Senegal,9854.662,2.4,95,85,4.1,4,6.1,5,55.8,54.3,46.7,60.6,57.3,48.3,64.5,139,122,157,129,112,145,349,187,560,284,131,512
Serbia and Montenegro,10535.265,0.2,50,49,16,18.4,2,1.7,72.3,69.7,69.3,70.1,74.9,74.5,75.2,17,16,19,13,12,15,186,177,195,98,93,103
Seychelles,80.294,1,52,46,8.4,9,2.1,1.8,71.5,67,66.1,67.9,77.2,76.1,78.3,15,11,18,10,8,13,243,219,268,113,91,138
Sierra Leone,4764.42,1.5,87,89,5,4.7,6.5,6.5,34,32.4,22.7,39.9,35.7,25,45.4,332,286,380,303,255,351,682,497,898,569,323,836
Singapore,4183.273,2.8,38,40,8.7,11.1,1.8,1.4,79.6,77.4,76.4,78.4,81.7,81.3,82.1,4,4,4,3,3,3,90,80,101,53,49,56
Slovakia,5398.182,0.2,54,43,15,15.5,1.9,1.3,74,69.8,69.2,70.3,78.3,77.9,78.7,9,8,11,7,6,9,206,195,219,79,73,84
Slovenia,1985.892,0.2,44,42,17.4,19.8,1.4,1.2,76.7,72.8,72.3,73.2,80.5,80.2,80.8,5,4,6,4,4,5,163,154,172,71,67,76
Solomon Islands,463.471,3.2,93,84,4.4,4.4,5.6,4.5,65.4,63.6,61.5,66.2,67.4,65.7,69,86,73,99,75,64,86,199,160,238,147,127,168
Somalia,9480.071,2.8,102,101,4.2,3.8,7.3,7.3,44.3,43,35.9,48.5,45.7,35.3,53,218,198,239,223,199,245,534,388,738,418,232,676
South Africa,44759.191,1.5,70,59,5.2,6.1,3.4,2.6,50.7,48.8,45.5,52,52.6,50,55,86,61,108,81,55,105,598,404,818,482,321,653
Spain,40977.309,0.4,48,46,20,21.6,1.3,1.2,79.6,76.1,75.6,76.7,83,82.8,83.3,5,5,6,5,4,5,120,111,128,47,45,49
Sri Lanka,18909.688,0.9,58,47,8.8,10.2,2.4,2,70.3,67.2,65.1,69.6,74.3,73.3,75.4,20,17,23,16,14,19,238,186,286,121,106,136
Sudan,32878.228,2.3,81,76,5.1,5.6,5.3,4.4,57.1,54.9,48.3,62.5,59.3,50.6,65.6,111,104,120,106,97,113,379,202,559,278,148,495
Suriname,432.066,0.7,66,58,7.1,8,2.5,2.5,67.6,64.4,63,65.9,70.8,69.6,72.3,33,29,37,28,24,31,281,247,313,164,137,187
Swaziland,1069.279,1.9,97,89,4.5,5.1,5.7,4.6,38.8,36.9,34.2,40.7,40.4,35.8,44.5,150,132,169,142,124,159,818,743,877,707,627,804
Sweden,8867.321,0.2,56,55,22.4,22.9,2,1.6,80.4,78,77.7,78.3,82.6,82.4,82.9,4,4,5,3,3,3,83,80,85,53,51,55
Switzerland,7171.404,0.3,46,49,19.4,22.1,1.5,1.4,80.6,77.7,77.2,78.2,83.3,83.1,83.6,6,5,7,5,4,6,92,87,98,51,49,53
Syrian Arab Republic,17381.154,2.6,98,70,4.2,4.6,4.8,3.4,71.2,68.8,68,69.7,73.6,73,74.3,26,24,29,20,18,22,190,175,205,127,117,137
Tajikistan,6195.021,1.2,89,73,6.3,6.7,4.5,3.1,63.7,61,59.2,62.7,66.5,64.8,68,68,47,90,57,40,72,283,231,339,172,137,216
Thailand,62193.35,1.1,53,46,6.7,8.8,2.1,1.9,69.3,66,64.8,67.1,72.7,71.7,73.8,32,28,37,26,22,30,279,250,311,153,131,178
The former Yugoslav Republic of Macedonia,2045.62,0.6,50,48,12.2,14.7,1.8,1.9,72,69,68.3,69.7,75.1,74.4,75.8,17,16,19,15,13,16,195,180,212,89,81,99
Timor-Leste,738.591,-0.7,77,73,3.6,5.2,4.8,3.9,57.5,54.8,46.4,62.1,60.5,50.5,67.7,142,108,178,108,81,134,326,162,533,242,111,463
Togo,4800.859,2.9,94,89,4.8,4.9,6.2,5.4,51.7,50,43.4,55.7,53.3,46,59.8,149,131,166,127,110,143,459,316,636,394,265,569
Tonga,102.549,0.3,78,74,7.4,8.2,4.5,3.8,70.7,70,69.5,70.5,71.4,70.8,72,23,20,27,15,12,18,171,166,177,181,174,188
Trinidad and Tobago,1298.276,0.5,64,43,8.8,10,2.2,1.6,69.9,67.1,66.1,68.1,72.8,72.2,73.4,24,20,28,18,15,21,246,221,272,153,138,169
Tunisia,9728.283,1.3,71,52,7.4,8.4,3.2,2,71.6,69.5,68.7,70.3,73.9,73,74.7,31,28,34,24,21,26,167,154,180,115,102,128
Turkey,70318.341,1.6,67,57,7.2,8.2,3.2,2.5,70,67.9,67.1,68.8,72.2,71.1,73.4,44,40,48,42,38,46,177,162,192,112,94,130
Turkmenistan,4794.092,2.1,79,64,6.2,6.5,4.1,2.7,62.7,58.8,58.3,59.3,66.9,66.1,67.7,63,56,69,47,42,52,369,349,385,193,172,215
Tuvalu,10.466,1.4,71,65,6.2,7.2,3.5,2.9,60.6,60,58.4,61.8,61.4,59.7,62.9,72,54,91,56,43,69,298,247,345,280,234,342
Uganda,25003.512,3,105,111,4.1,3.9,7.1,7.1,49.3,47.9,42.3,53.2,50.8,43.6,56.5,148,142,154,136,130,142,505,370,661,431,306,606
Ukraine,48901.621,-0.6,51,45,18.5,20.8,1.7,1.2,67.2,61.7,61,62.4,72.9,72,73.8,22,19,24,16,15,18,378,343,417,139,120,161
United Arab Emirates,2936.996,2.8,42,37,1.8,2.4,3.9,2.9,72.5,71.3,71,71.5,75.1,74.9,75.3,10,9,11,10,9,10,169,165,174,122,120,125
United Kingdom,59067.963,0.3,54,53,21.1,20.8,1.8,1.6,78.2,75.8,75.3,76.3,80.5,79.9,81,7,6,8,6,5,6,107,101,113,67,61,72
United Republic of Tanzania,36276.403,2.6,96,91,3.7,3.9,6.1,5.2,46.5,45.5,44.3,46.9,47.5,46.2,49,163,149,177,144,132,156,561,534,585,512,484,536
United States of America,291037.954,1.1,52,51,16.4,16.2,2,2.1,77.3,74.6,74.2,75.1,79.8,79.7,80,9,8,9,7,7,7,140,134,148,83,81,84
Uruguay,3390.924,0.7,60,61,16.7,17.3,2.5,2.3,75.2,71,70.5,71.6,79.3,79,79.7,18,15,21,13,12,14,182,172,192,88,84,92
Uzbekistan,25705.481,1.8,81,65,6.5,7,3.7,2.5,68.2,65.6,64.8,66.3,70.8,70.1,71.6,37,36,39,26,25,28,243,224,263,152,136,169
Vanuatu,206.881,2.7,90,80,5.3,4.9,4.9,4.2,67.7,66.4,64.7,68.5,69.1,67.4,70.9,40,30,51,40,30,50,217,185,245,175,150,200
"Venezuela, Bolivarian Republic of",25226.188,2.1,70,60,5.9,6.9,3.3,2.7,73.9,71,70.2,71.8,76.8,76.5,77.2,23,21,26,19,17,21,182,168,197,97,92,103
Viet Nam,80278.208,1.5,76,59,7.3,7.4,3.4,2.3,69.6,67.1,66.3,68.1,72.2,71.4,73.1,41,36,46,33,28,37,200,184,215,129,117,140
Yemen,19315.334,3.9,114,104,3.5,3.6,7.9,7,60.4,58.7,51.1,65.5,62.2,53.8,68.7,106,93,119,94,82,106,286,130,498,228,103,421
Zambia,10697.944,2.1,94,98,4.4,4.7,6.3,5.7,39.7,39.1,34.5,43.6,40.2,35.2,45.4,191,170,214,176,155,195,700,590,810,654,546,768
Zimbabwe,12835.124,1.5,96,87,4.5,5.1,5.2,4,37.9,37.7,35.7,40.2,38,35.8,40.8,115,104,125,107,97,116,821,776,856,789,739,828